{
  "MAE": 13.012002380952337,
  "RMSE": 16.27313636777755,
  "n_predictions": 84
}