{
  "MAE": 5.030333561643803,
  "RMSE": 6.156378439882858,
  "n_samples": 730
}